../data/train_images/Beanie1.jpg,Beanie,0.8750,0.6968,0.7728,4.3103,3.0308,5.3249,-9.6972,-8.0480,9.6168
../data/train_images/Beanie10.jpg,Beanie,0.8524,0.7033,0.7716,3.7277,3.0084,5.2487,-9.7957,-9.0025,9.4114
../data/train_images/Beanie11.jpg,Beanie,0.9723,0.6886,0.7681,3.4130,3.0286,6.5762,11.5403,8.7212,-11.5185
../data/train_images/Beanie12.jpg,Beanie,0.9126,0.6899,0.7702,3.9449,3.0149,5.7302,-11.2327,7.7080,-10.1040
../data/train_images/Beanie13.jpg,Beanie,0.6406,0.6779,0.7459,2.4284,2.9668,4.5234,-8.3217,-5.7512,-8.5998
../data/train_images/Beanie14.jpg,Beanie,0.9685,0.7191,0.7718,3.6966,3.0666,5.5804,9.9859,7.8218,10.1554
../data/train_images/Beanie15.jpg,Beanie,1.0261,0.7228,0.7732,3.3929,3.1575,5.3567,9.6159,7.5744,10.6160
../data/train_images/Beanie16.jpg,Beanie,1.0693,0.6372,0.7724,3.8289,3.0669,5.6421,10.2690,7.7585,10.0696
../data/train_images/Beanie17.jpg,Beanie,1.0684,0.6993,0.7721,4.6466,3.0263,5.7108,-10.0835,8.1463,10.9403
../data/train_images/Beanie18.jpg,Beanie,1.1135,0.6997,0.7712,4.6860,3.0041,5.4950,-9.7581,9.5418,10.3523
../data/train_images/Beanie19.jpg,Beanie,0.9756,0.6399,0.7739,5.3555,3.0326,5.9325,-10.4166,8.6376,11.4768
../data/train_images/Beanie2.jpg,Beanie,0.8871,0.7001,0.7729,4.3289,3.0373,5.3555,-9.9075,8.1526,9.5988
../data/train_images/Beanie20.jpg,Beanie,0.9801,0.6696,0.7740,4.7842,3.0388,6.0425,-10.5878,8.4348,11.4225
../data/train_images/Beanie21.jpg,Beanie,1.0389,0.6948,0.7741,4.8254,3.0404,6.0176,-10.5486,8.4310,11.5625
../data/train_images/Beanie22.jpg,Beanie,1.0535,0.6871,0.7743,4.6733,3.0482,6.0611,-10.6170,8.3978,-11.7371
../data/train_images/Beanie23.jpg,Beanie,0.9850,0.6303,0.7744,4.8234,3.0498,5.9917,-10.5396,8.4042,-10.9772
../data/train_images/Beanie24.jpg,Beanie,1.0027,0.6608,0.7742,5.5435,3.0378,5.7670,-10.2701,9.1285,-10.3847
../data/train_images/Beanie25.jpg,Beanie,0.9861,0.6634,0.7738,5.3268,3.0285,5.7246,-10.1038,-8.3933,-11.0543
../data/train_images/Beanie26.jpg,Beanie,0.9924,0.6709,0.7738,5.2147,3.0288,5.7052,-10.0957,-8.3463,-10.5667
../data/train_images/Beanie3.jpg,Beanie,0.9053,0.7000,0.7715,4.5195,3.0197,5.4436,-10.3252,7.7250,9.6864
../data/train_images/Beanie4.jpg,Beanie,0.9132,0.7010,0.7710,4.2287,3.0161,5.4182,10.3923,7.5336,9.6422
../data/train_images/Beanie5.jpg,Beanie,0.9221,0.7009,0.7694,3.9404,2.9946,5.3257,9.7019,7.3369,9.5860
../data/train_images/Beanie6.jpg,Beanie,0.8629,0.6892,0.7699,4.2098,2.9795,5.2470,-9.6795,-8.2105,9.4170
../data/train_images/Beanie7.jpg,Beanie,0.8121,0.6870,0.7685,3.5536,2.9652,5.0685,-9.1551,-6.9384,9.3657
../data/train_images/Beanie8.jpg,Beanie,0.7568,0.6856,0.7653,3.1188,2.9609,4.9030,-8.8466,-6.4887,9.4748
../data/train_images/Beanie9.jpg,Beanie,0.8799,0.7081,0.7710,3.6164,3.0024,5.2649,10.0227,7.2144,9.4112
../data/train_images/Book1.jpg,Book,1.3494,0.9277,0.7493,2.4891,5.2583,6.5881,-12.5149,-7.9289,13.4027
../data/train_images/Book10.jpg,Book,1.0444,0.5229,0.7541,2.4695,5.5125,7.7021,-14.3996,-9.3030,14.5435
../data/train_images/Book11.jpg,Book,0.8855,0.5714,0.7539,2.4670,5.6253,7.4325,-13.9645,-8.6936,-14.8876
../data/train_images/Book12.jpg,Book,0.7218,0.9480,0.7541,2.4718,5.8294,7.5738,-14.2754,-8.8280,16.6548
../data/train_images/Book13.jpg,Book,0.9283,0.5291,0.7538,2.4673,5.2409,7.1852,-13.4147,-8.5864,-13.9676
../data/train_images/Book14.jpg,Book,1.1451,0.6047,0.7569,2.5271,4.8236,7.3216,-13.6383,-9.5797,-13.4795
../data/train_images/Book15.jpg,Book,0.6686,0.8999,0.7433,2.2906,4.7445,6.1675,-11.7091,-7.3810,-11.8671
../data/train_images/Book16.jpg,Book,1.5614,0.8939,0.7396,2.2622,4.0834,5.3400,-10.0821,-6.4955,10.4939
../data/train_images/Book17.jpg,Book,1.7076,0.8300,0.7260,2.1359,3.5123,4.7404,-8.9920,-5.9280,9.0457
../data/train_images/Book2.jpg,Book,0.7312,0.9387,0.7503,2.4916,6.7590,7.2773,-14.4544,-8.6483,14.4380
../data/train_images/Book3.jpg,Book,1.0235,0.5082,0.7524,2.4934,5.4194,7.4336,-13.8818,-8.8677,-14.3707
../data/train_images/Book4.jpg,Book,1.0466,0.5145,0.7525,2.4999,5.1018,6.6217,-12.5133,-7.9178,-12.9286
../data/train_images/Book5.jpg,Book,1.2521,0.7184,0.7518,2.4964,5.4154,6.8005,-12.9918,-8.0700,-13.1568
../data/train_images/Book6.jpg,Book,1.1817,0.6221,0.7510,2.4907,5.3431,7.2537,-13.5933,-8.6352,-13.9334
../data/train_images/Book7.jpg,Book,1.1455,0.5913,0.7551,2.4851,5.4955,6.9437,-13.1957,-8.2009,13.5928
../data/train_images/Book8.jpg,Book,1.1179,0.5669,0.7548,2.4819,5.2191,7.2757,-13.5296,-8.7704,-14.2856
../data/train_images/Book9.jpg,Book,1.3090,0.8239,0.7550,2.4859,5.2757,7.0640,-13.2530,-8.3699,13.7705
../data/train_images/Cap1.jpg,Cap,1.3334,0.0787,-0.2163,-0.2658,-0.3671,-0.5282,-0.8929,-0.6371,0.7268
../data/train_images/Cap10.jpg,Cap,1.0217,0.7296,0.7938,3.9559,4.4338,7.0984,-13.8552,-9.0946,12.8669
../data/train_images/Cap11.jpg,Cap,0.8202,0.6947,0.7752,2.6406,4.4667,5.7107,11.0661,7.4772,10.8746
../data/train_images/Cap12.jpg,Cap,0.8349,0.7030,0.7806,2.8210,4.6711,6.1156,11.7445,7.7543,11.5984
../data/train_images/Cap13.jpg,Cap,0.9557,0.6928,0.7942,3.8819,4.8620,6.9717,13.4350,-8.9716,-12.9069
../data/train_images/Cap14.jpg,Cap,0.9240,0.8090,0.7962,3.7610,5.7967,8.3817,-15.4713,-10.2647,-16.8624
../data/train_images/Cap15.jpg,Cap,0.9051,0.8093,0.7954,3.5826,6.3147,8.6546,-16.2500,-10.5727,16.3387
../data/train_images/Cap16.jpg,Cap,0.8370,0.8122,0.7904,3.0897,6.1562,8.5510,-15.9046,-10.2702,-17.9647
../data/train_images/Cap17.jpg,Cap,0.8801,0.7801,0.7941,3.3883,6.3411,8.5735,-16.0354,-10.2677,-16.8669
../data/train_images/Cap18.jpg,Cap,0.7010,0.8404,0.7610,2.3985,5.8401,6.4207,13.2617,7.6884,12.5595
../data/train_images/Cap19.jpg,Cap,0.6896,0.8161,0.7636,2.3857,5.4668,6.9875,13.8865,8.6953,-13.2247
../data/train_images/Cap2.jpg,Cap,1.0502,0.7062,0.7941,4.0012,4.7741,6.7547,12.9833,-9.1299,-12.5463
../data/train_images/Cap20.jpg,Cap,0.9131,0.8176,0.7942,3.5547,6.1632,7.3636,14.2092,-11.2993,-14.3780
../data/train_images/Cap21.jpg,Cap,0.9461,0.8036,0.7967,3.9211,5.2244,8.0676,-15.0699,-10.5968,14.7603
../data/train_images/Cap22.jpg,Cap,0.9789,0.7935,0.7977,4.6565,5.5562,8.7849,-16.2623,-11.3630,-16.0159
../data/train_images/Cap23.jpg,Cap,0.9242,0.8015,0.7960,3.7008,5.2025,7.9075,-14.5284,-9.8750,14.7536
../data/train_images/Cap24.jpg,Cap,0.8813,0.7897,0.7810,3.2802,4.8724,5.7855,-11.1488,-7.4447,11.5324
../data/train_images/Cap25.jpg,Cap,0.8370,0.8041,0.7775,3.0291,4.8688,5.8301,-11.5459,-7.5288,-11.2240
../data/train_images/Cap26.jpg,Cap,0.8342,0.8242,0.7887,2.9871,5.4094,7.3523,-13.7331,-8.8462,15.8171
../data/train_images/Cap27.jpg,Cap,0.8437,0.8290,0.7892,3.0357,6.2095,7.9531,15.4566,-10.0027,15.0679
../data/train_images/Cap28.jpg,Cap,0.8285,0.7978,0.7886,3.0207,5.7000,7.5380,14.5354,9.6538,-14.1988
../data/train_images/Cap29.jpg,Cap,0.9484,0.7980,0.7967,3.9092,5.4735,8.6634,17.4534,11.1373,-15.7320
../data/train_images/Cap3.jpg,Cap,0.8945,0.7437,0.7737,3.1414,4.2279,5.8760,-11.1309,-7.4570,11.0361
../data/train_images/Cap30.jpg,Cap,0.9700,0.7785,0.7975,4.3014,5.4614,8.6447,-15.9036,-11.1838,15.8041
../data/train_images/Cap31.jpg,Cap,0.9470,0.7578,0.7949,3.4503,5.8063,8.3825,-15.8472,-10.5449,15.5204
../data/train_images/Cap32.jpg,Cap,0.9861,0.7904,0.7974,4.1990,5.4719,8.8701,16.0875,10.9820,-16.3995
../data/train_images/Cap33.jpg,Cap,0.9957,0.7894,0.7979,6.1952,5.0680,10.1551,18.0618,13.5843,17.8310
../data/train_images/Cap4.jpg,Cap,0.8727,0.7996,0.7881,3.2415,4.2835,6.8011,-12.8876,-9.4910,12.3619
../data/train_images/Cap5.jpg,Cap,0.8454,0.6494,0.7212,2.7831,4.1308,5.6801,-10.8390,-7.9713,10.6665
../data/train_images/Cap6.jpg,Cap,1.0019,0.7113,0.7905,3.7592,4.7831,7.2159,-13.2812,-9.2201,-13.5069
../data/train_images/Cap7.jpg,Cap,0.9915,0.7274,0.7939,3.8080,4.7527,6.9359,13.7191,10.0239,12.7831
../data/train_images/Cap8.jpg,Cap,0.8870,0.5268,0.6771,2.3114,3.7202,4.9708,10.0940,-6.8765,-9.3224
../data/train_images/Cap9.jpg,Cap,0.9965,0.7216,0.7920,3.5713,4.3666,6.7560,13.1475,-8.6289,12.3221
../data/train_images/ChessBoard1.jpg,ChessBoard,0.9385,0.4938,0.4964,3.6745,3.5861,5.3085,-10.7255,7.4553,-9.7583
../data/train_images/ChessBoard10.jpg,ChessBoard,0.9354,0.4957,0.4967,3.6643,3.5888,5.2843,-10.4689,7.4771,-9.7279
../data/train_images/ChessBoard2.jpg,ChessBoard,0.9366,0.4960,0.4963,3.6631,3.6125,5.3241,-10.7640,7.4679,-9.7949
../data/train_images/ChessBoard3.jpg,ChessBoard,1.3334,0.2812,0.3963,1.5675,2.2730,3.2908,6.0750,4.0971,7.0607
../data/train_images/ChessBoard4.jpg,ChessBoard,1.3334,0.2689,0.4183,1.7415,2.4525,3.6258,8.1318,4.7046,6.6652
../data/train_images/ChessBoard5.jpg,ChessBoard,1.3334,0.5214,0.4685,2.0421,4.5814,6.1266,-11.5318,-7.2113,11.8197
../data/train_images/ChessBoard6.jpg,ChessBoard,1.0790,0.4901,0.4986,3.5523,3.4977,5.2181,-9.6407,-7.9222,9.8707
../data/train_images/ChessBoard7.jpg,ChessBoard,1.0832,0.4925,0.4985,3.5191,3.4963,5.1490,-9.6629,8.1214,9.5878
../data/train_images/ChessBoard8.jpg,ChessBoard,0.9445,0.4962,0.4963,3.7022,3.6452,5.3464,10.9983,7.4128,-9.8433
../data/train_images/ChessBoard9.jpg,ChessBoard,0.9410,0.4970,0.4965,3.6759,3.6584,5.4011,-10.5519,7.5694,-9.9436
../data/train_images/EarBuds1.jpg,EarBuds,1.5019,0.6192,0.6384,1.8430,2.3020,2.9734,5.6542,3.9283,-5.9836
../data/train_images/EarBuds10.jpg,EarBuds,1.1005,0.5121,0.6257,1.6991,2.3781,2.9908,5.7056,3.8634,6.1174
../data/train_images/EarBuds11.jpg,EarBuds,1.2877,0.5736,0.6509,1.8582,2.4622,3.1023,5.9083,4.0344,6.3765
../data/train_images/EarBuds12.jpg,EarBuds,1.3522,0.5572,0.6215,1.6763,2.3791,2.9916,5.7166,3.8678,6.0658
../data/train_images/EarBuds13.jpg,EarBuds,1.4046,0.5582,0.6207,1.7057,2.3344,2.9081,5.5519,3.7691,6.0323
../data/train_images/EarBuds14.jpg,EarBuds,1.2865,0.5939,0.6622,2.5124,2.7590,5.4880,-11.2187,6.7629,9.6116
../data/train_images/EarBuds15.jpg,EarBuds,1.0125,0.5209,0.6734,2.1214,2.3354,3.1295,5.8967,4.2207,-6.2772
../data/train_images/EarBuds16.jpg,EarBuds,0.7679,0.5556,0.6764,2.2030,2.4276,3.2922,6.3337,4.5726,6.2753
../data/train_images/EarBuds17.jpg,EarBuds,1.0310,0.5822,0.6997,2.4129,2.5857,3.4510,6.6905,4.9172,6.5668
../data/train_images/EarBuds18.jpg,EarBuds,1.3279,0.6462,0.7037,2.4256,2.6162,3.4890,6.7571,4.9326,6.6422
../data/train_images/EarBuds19.jpg,EarBuds,1.3042,0.6256,0.7017,2.4317,2.6038,3.4565,6.6828,4.8598,6.5994
../data/train_images/EarBuds2.jpg,EarBuds,1.5054,0.6468,0.6514,1.8793,2.3921,3.0876,5.8786,4.0680,-6.1663
../data/train_images/EarBuds20.jpg,EarBuds,1.2789,0.5637,0.7111,2.5193,2.6479,3.5830,6.9322,5.0618,6.7889
../data/train_images/EarBuds21.jpg,EarBuds,0.8963,0.6383,0.7265,2.7076,2.8105,3.8211,7.5801,5.6594,7.1670
../data/train_images/EarBuds22.jpg,EarBuds,0.7769,0.6245,0.7200,2.5825,2.7168,3.7297,7.2597,5.3088,7.0136
../data/train_images/EarBuds23.jpg,EarBuds,0.6873,0.6254,0.6525,1.9002,2.3384,3.1472,5.9437,4.1335,6.2194
../data/train_images/EarBuds24.jpg,EarBuds,1.2337,0.5831,0.6692,2.3581,2.9544,6.4516,11.2304,7.9342,-11.4199
../data/train_images/EarBuds25.jpg,EarBuds,0.6874,0.6275,0.6588,1.9475,2.3496,3.1966,6.0458,4.2321,6.2343
../data/train_images/EarBuds26.jpg,EarBuds,0.7304,0.5676,0.6372,2.0210,2.1688,2.9193,5.5422,3.9875,5.7217
../data/train_images/EarBuds27.jpg,EarBuds,0.6932,0.6113,0.6492,1.9214,2.2970,3.1081,5.8860,4.1285,6.0771
../data/train_images/EarBuds28.jpg,EarBuds,1.1934,0.5634,0.6652,2.2890,2.9058,5.6235,-9.9182,-6.8825,-10.3328
../data/train_images/EarBuds3.jpg,EarBuds,1.1617,0.5926,0.6814,2.0819,2.5501,3.3084,6.3061,4.3874,6.5217
../data/train_images/EarBuds4.jpg,EarBuds,1.0896,0.5647,0.6667,1.8707,2.5573,3.3022,6.2634,4.2618,6.6671
../data/train_images/EarBuds5.jpg,EarBuds,1.4419,0.5947,0.6349,1.8009,2.3295,2.9961,5.7191,3.9569,5.9670
../data/train_images/EarBuds6.jpg,EarBuds,1.2357,0.5405,0.6276,1.7132,2.3730,3.0271,5.7807,3.9407,-6.0570
../data/train_images/EarBuds7.jpg,EarBuds,0.9253,0.5317,0.6469,1.7798,2.4750,3.1750,6.0512,4.1132,-6.3388
../data/train_images/EarBuds8.jpg,EarBuds,0.8977,0.5548,0.6675,1.8792,2.5669,3.2664,6.2058,4.2164,6.6840
../data/train_images/EarBuds9.jpg,EarBuds,0.9364,0.4973,0.6257,1.6260,2.4947,3.1436,5.9762,3.9701,6.5746
../data/train_images/FireAlarm1.jpg,FireAlarm,1.2686,0.8933,0.7470,2.7924,5.0475,6.0644,-11.6711,7.4729,-11.9611
../data/train_images/FireAlarm10.jpg,FireAlarm,1.0482,0.8226,0.7492,3.3489,3.7121,5.1775,-10.0358,-7.3791,9.6573
../data/train_images/FireAlarm11.jpg,FireAlarm,1.0504,0.8249,0.7507,3.3899,3.7465,5.2867,-10.7477,8.5341,9.8062
../data/train_images/FireAlarm12.jpg,FireAlarm,1.2604,0.9022,0.7519,2.8090,5.1139,7.8717,14.8231,-9.6232,14.3926
../data/train_images/FireAlarm13.jpg,FireAlarm,1.2186,0.8832,0.7534,2.8534,4.6555,5.9380,-11.2382,-7.4260,12.1375
../data/train_images/FireAlarm14.jpg,FireAlarm,1.1733,0.8767,0.7516,2.8835,5.5549,5.5736,11.1980,7.5835,11.4460
../data/train_images/FireAlarm15.jpg,FireAlarm,1.3119,0.8659,0.7459,2.5591,6.5771,5.4529,-11.8726,7.5488,11.5045
../data/train_images/FireAlarm2.jpg,FireAlarm,1.3469,0.8627,0.7433,2.5015,4.7135,6.0767,11.5247,-7.3541,-11.8045
../data/train_images/FireAlarm3.jpg,FireAlarm,1.3008,0.9004,0.7450,2.6814,5.7451,5.9514,-12.0643,7.5567,-11.8758
../data/train_images/FireAlarm4.jpg,FireAlarm,1.2250,0.8531,0.7563,2.9136,4.3182,5.6563,10.7494,7.1131,-10.8503
../data/train_images/FireAlarm5.jpg,FireAlarm,1.1613,0.8777,0.7511,3.0300,4.5566,5.8682,-11.3294,-9.0156,11.1636
../data/train_images/FireAlarm6.jpg,FireAlarm,1.3035,0.8598,0.6951,2.6050,5.2255,5.4108,-10.9085,6.7235,-10.8539
../data/train_images/FireAlarm7.jpg,FireAlarm,1.4473,0.8759,0.7409,2.3694,4.1290,6.2908,-11.5743,-7.4780,11.7717
../data/train_images/FireAlarm8.jpg,FireAlarm,1.0432,0.8345,0.7594,3.6414,3.7971,5.5172,-10.2484,-7.4894,10.4440
../data/train_images/FireAlarm9.jpg,FireAlarm,1.0430,0.8195,0.7486,3.3245,3.7048,5.1574,-9.9283,-7.1987,9.6394
../data/train_images/GlassesCase1.jpg,GlassesCase,0.5401,0.6337,0.6224,1.5134,3.6275,4.6900,-8.9793,-5.5312,-9.0212
../data/train_images/GlassesCase10.jpg,GlassesCase,1.6352,0.5680,0.5984,1.4296,3.5059,4.2180,8.2023,5.2121,8.2631
../data/train_images/GlassesCase11.jpg,GlassesCase,2.4091,0.8098,0.6200,1.5091,3.5957,4.3680,8.5120,5.4656,8.4893
../data/train_images/GlassesCase12.jpg,GlassesCase,2.0101,0.6854,0.6144,1.4906,3.5887,4.2491,8.2114,5.0980,8.5388
../data/train_images/GlassesCase13.jpg,GlassesCase,1.5415,0.5689,0.6156,1.4885,3.8929,4.6940,9.2199,5.8999,9.0787
../data/train_images/GlassesCase14.jpg,GlassesCase,1.1905,0.5293,0.6288,1.5366,3.8065,4.7027,9.5034,7.0750,8.9756
../data/train_images/GlassesCase15.jpg,GlassesCase,0.8846,0.5365,0.6370,1.5685,3.7352,4.6149,9.1880,6.2240,8.8278
../data/train_images/GlassesCase16.jpg,GlassesCase,0.6313,0.6203,0.6370,1.5688,3.6949,4.5797,9.1572,6.3193,8.7477
../data/train_images/GlassesCase17.jpg,GlassesCase,0.4506,0.7837,0.6327,1.5544,3.6023,4.5098,9.2512,-6.6104,8.5753
../data/train_images/GlassesCase18.jpg,GlassesCase,0.4673,0.7435,0.6252,1.5306,3.4749,4.4680,-8.8474,-5.4944,8.4755
../data/train_images/GlassesCase19.jpg,GlassesCase,0.4682,0.7636,0.6262,1.5323,3.6043,4.5852,-9.1696,-5.6583,8.7039
../data/train_images/GlassesCase2.jpg,GlassesCase,0.4245,0.7701,0.6168,1.4918,3.7239,4.7728,-9.1747,-5.6160,-9.1686
../data/train_images/GlassesCase20.jpg,GlassesCase,0.7386,0.5403,0.6182,1.5028,3.6119,4.6246,-8.9084,-5.4848,8.8794
../data/train_images/GlassesCase21.jpg,GlassesCase,1.1109,0.5007,0.6210,1.5108,3.7019,4.7444,-9.0147,-5.5273,9.3218
../data/train_images/GlassesCase22.jpg,GlassesCase,1.7266,0.6117,0.6237,1.5195,3.7104,4.7766,-9.0226,-5.5397,-9.9850
../data/train_images/GlassesCase23.jpg,GlassesCase,2.3856,0.8080,0.6222,1.5146,3.6071,4.6109,-9.1682,-5.6629,-8.7493
../data/train_images/GlassesCase24.jpg,GlassesCase,1.4484,0.5772,0.6392,1.5783,3.5388,4.6166,-8.9197,-5.5697,-8.7892
../data/train_images/GlassesCase25.jpg,GlassesCase,0.9534,0.5079,0.6210,1.5108,3.5052,4.5669,-8.7150,-5.3995,-8.8002
../data/train_images/GlassesCase3.jpg,GlassesCase,0.5643,0.6098,0.6084,1.4613,3.8202,4.8109,-9.5396,-5.7718,-9.1615
../data/train_images/GlassesCase4.jpg,GlassesCase,1.0174,0.5063,0.6140,1.4823,3.9163,4.8329,10.3351,-6.2833,-9.2087
../data/train_images/GlassesCase5.jpg,GlassesCase,1.2468,0.5220,0.6144,1.4843,3.8781,4.9118,-9.4650,-5.7546,-9.4498
../data/train_images/GlassesCase6.jpg,GlassesCase,1.6509,0.5984,0.6155,1.4877,3.8162,4.8871,-9.2388,-5.6309,-10.9494
../data/train_images/GlassesCase7.jpg,GlassesCase,1.7515,0.6192,0.6147,1.4852,3.8122,4.8683,-9.2728,-5.6519,-9.5041
../data/train_images/GlassesCase8.jpg,GlassesCase,2.6870,0.8284,0.5947,1.4160,3.5343,4.2890,8.3877,5.4193,8.3200
../data/train_images/GlassesCase9.jpg,GlassesCase,2.2407,0.7470,0.6158,1.4898,3.5801,4.4527,8.9241,6.2554,8.4976
../data/train_images/Glove1.jpg,Glove,1.6570,0.6616,0.6560,1.7350,3.5426,4.3208,8.2851,5.1901,-8.6799
../data/train_images/Glove10.jpg,Glove,1.0767,0.4825,0.6573,1.7593,3.3310,4.1741,7.9447,5.0548,-8.4745
../data/train_images/Glove11.jpg,Glove,0.9602,0.4708,0.6577,1.7656,3.3111,4.1602,7.9203,5.0457,-8.3820
../data/train_images/Glove12.jpg,Glove,0.6607,0.5869,0.6601,1.7862,3.2924,4.1846,7.9552,5.0818,-8.3543
../data/train_images/Glove13.jpg,Glove,0.6792,0.5730,0.6590,1.7775,3.2744,4.1400,7.8729,5.0317,-8.3239
../data/train_images/Glove14.jpg,Glove,0.7425,0.5458,0.6599,1.7858,3.2594,4.1435,7.8713,5.0396,-8.3166
../data/train_images/Glove15.jpg,Glove,0.6116,0.5989,0.6571,1.7843,3.2178,4.0453,7.7354,4.9500,-7.9904
../data/train_images/Glove16.jpg,Glove,0.6188,0.5834,0.6504,1.7423,3.2149,3.9829,7.6368,4.8672,-7.9072
../data/train_images/Glove17.jpg,Glove,0.6138,0.6299,0.6588,1.7639,3.3351,4.3482,8.2074,5.2745,8.7449
../data/train_images/Glove18.jpg,Glove,1.5632,0.6139,0.6506,1.7275,3.1742,4.1228,7.8332,5.2007,8.0738
../data/train_images/Glove19.jpg,Glove,1.5420,0.5948,0.6508,1.7711,3.0074,4.0812,7.6386,5.0829,-8.2421
../data/train_images/Glove2.jpg,Glove,1.1906,0.4963,0.6557,1.7398,3.4469,4.2167,8.0982,5.0959,-8.3933
../data/train_images/Glove20.jpg,Glove,1.5371,0.6047,0.6539,1.7759,3.0204,4.0481,7.6054,5.0676,-8.0807
../data/train_images/Glove21.jpg,Glove,1.6348,0.6388,0.6410,1.6804,3.0257,3.9099,7.4541,4.9696,-7.6418
../data/train_images/Glove22.jpg,Glove,1.5681,0.5684,0.6391,1.7419,2.9733,4.1379,7.6972,5.0482,8.5761
../data/train_images/Glove23.jpg,Glove,1.6171,0.5373,0.6196,1.6490,2.9774,4.3430,8.0057,5.2643,-8.9696
../data/train_images/Glove24.jpg,Glove,1.4771,0.6029,0.6576,1.7984,3.0611,4.1607,7.8015,5.2119,-8.2163
../data/train_images/Glove25.jpg,Glove,1.5357,0.6071,0.6587,1.7925,2.9650,3.9207,7.3997,4.9574,-7.7708
../data/train_images/Glove26.jpg,Glove,1.5610,0.6193,0.6537,1.7621,2.9930,3.9555,7.4632,4.9822,-7.8520
../data/train_images/Glove27.jpg,Glove,1.4959,0.5567,0.6428,1.7356,2.9863,4.1228,7.6951,5.1421,-8.2293
../data/train_images/Glove28.jpg,Glove,1.6785,0.6532,0.6463,1.6976,3.0441,3.8960,7.4069,4.8933,-7.7490
../data/train_images/Glove3.jpg,Glove,1.4552,0.5852,0.6667,1.8161,3.3572,4.3185,8.1769,5.2278,-8.6778
../data/train_images/Glove4.jpg,Glove,1.3215,0.5542,0.6663,1.8143,3.3700,4.3259,8.2002,5.2357,-8.6456
../data/train_images/Glove5.jpg,Glove,1.1770,0.5140,0.6659,1.8135,3.3581,4.3041,8.1665,5.2151,-8.5708
../data/train_images/Glove6.jpg,Glove,1.5904,0.6454,0.6622,1.7856,3.3918,4.3267,8.1967,5.2195,-8.8432
../data/train_images/Glove7.jpg,Glove,1.4455,0.5797,0.6623,1.7845,3.3724,4.2860,8.1245,5.1782,-8.8027
../data/train_images/Glove8.jpg,Glove,1.4270,0.5725,0.6614,1.7782,3.3537,4.2366,8.0441,5.1259,-8.6618
../data/train_images/Glove9.jpg,Glove,1.2250,0.5163,0.6598,1.7716,3.3498,4.2163,8.0162,5.1029,-8.5633
../data/train_images/Mask1.jpg,Mask,2.4003,0.5768,0.5953,1.4704,4.3603,4.6158,9.1070,5.3854,-10.0247
../data/train_images/Mask10.jpg,Mask,1.2125,0.4230,0.6212,1.5760,4.0815,4.3980,8.6472,5.3106,9.3252
../data/train_images/Mask11.jpg,Mask,1.7727,0.5106,0.6270,1.5932,4.1974,4.7255,9.2294,5.6914,9.5625
../data/train_images/Mask12.jpg,Mask,1.7434,0.5173,0.6298,1.6127,4.2143,4.7934,9.3075,5.6690,-9.9681
../data/train_images/Mask13.jpg,Mask,1.0827,0.4219,0.6265,1.5915,4.2627,4.6171,9.0668,5.4809,9.7327
../data/train_images/Mask14.jpg,Mask,2.3740,0.6302,0.6340,1.6289,4.3238,5.0287,9.7157,5.8575,10.3628
../data/train_images/Mask15.jpg,Mask,2.8440,0.6306,0.5674,1.3735,3.5895,3.9817,7.7751,4.8298,-8.4930
../data/train_images/Mask16.jpg,Mask,2.3222,0.5940,0.6396,1.6704,3.8715,3.9677,7.8879,4.8266,-9.1866
../data/train_images/Mask17.jpg,Mask,2.6851,0.5971,0.5792,1.4229,3.7613,3.7456,7.5049,4.4588,-8.2856
../data/train_images/Mask18.jpg,Mask,0.4560,0.5873,0.6522,1.7338,4.2320,4.5782,8.9964,5.4480,-9.6002
../data/train_images/Mask19.jpg,Mask,0.9394,0.4290,0.6520,1.7317,4.2038,4.6018,9.0175,5.4689,-9.6230
../data/train_images/Mask2.jpg,Mask,0.6744,0.4304,0.5925,1.4597,4.2808,4.7508,9.2958,5.5767,-9.7161
../data/train_images/Mask20.jpg,Mask,2.0177,0.5501,0.6510,1.7284,4.1127,4.4219,8.6993,5.2876,-9.3617
../data/train_images/Mask21.jpg,Mask,1.4597,0.4702,0.6485,1.7137,4.1806,4.5200,8.8839,5.3786,-9.4788
../data/train_images/Mask22.jpg,Mask,0.7214,0.4546,0.6535,1.7383,4.2482,4.7756,9.3013,5.6459,-9.8922
../data/train_images/Mask23.jpg,Mask,1.9630,0.5504,0.6504,1.7249,4.1415,5.1549,9.8284,6.0291,-10.2822
../data/train_images/Mask24.jpg,Mask,2.5289,0.5937,0.5978,1.4913,3.7131,4.1164,8.0317,4.8631,-9.3004
../data/train_images/Mask3.jpg,Mask,1.6131,0.4365,0.5825,1.4242,4.4410,4.3526,8.7494,5.0745,10.4169
../data/train_images/Mask4.jpg,Mask,1.6044,0.4528,0.6118,1.5391,4.8028,4.6890,9.4355,5.4978,-10.6978
../data/train_images/Mask5.jpg,Mask,1.0905,0.4109,0.6089,1.5269,4.8258,4.7537,9.5439,5.5408,10.8902
../data/train_images/Mask6.jpg,Mask,1.3334,0.2203,0.5940,1.5477,4.4567,4.2439,8.6065,5.0650,9.2226
../data/train_images/Mask7.jpg,Mask,0.5422,0.4907,0.6148,1.5482,4.3627,4.5383,8.9918,5.3150,9.9243
../data/train_images/Mask8.jpg,Mask,2.0278,0.5145,0.6150,1.5491,4.3954,4.6649,9.1969,5.4401,10.2338
../data/train_images/Mask9.jpg,Mask,2.4363,0.6141,0.6236,1.5871,4.1236,4.3771,8.6286,5.3344,9.7710
../data/train_images/Mic1.jpg,Mic,0.2270,0.7180,0.3028,0.6594,2.5289,2.7228,5.3492,3.0582,6.6670
../data/train_images/Mic10.jpg,Mic,0.4673,0.3771,0.2821,0.6138,4.2204,4.8017,9.3479,5.1769,9.7258
../data/train_images/Mic11.jpg,Mic,0.5596,0.3483,0.3085,0.6728,5.9858,5.3311,11.1204,5.6877,11.1616
../data/train_images/Mic12.jpg,Mic,1.4777,0.3250,0.3343,0.7302,4.9624,5.8679,12.6725,-6.4223,11.2835
../data/train_images/Mic13.jpg,Mic,0.2383,0.6841,0.2910,0.6328,2.6189,2.8102,5.5250,3.1300,-6.9476
../data/train_images/Mic14.jpg,Mic,0.2827,0.6023,0.3160,0.6884,2.8213,3.0556,5.9960,3.4163,-7.0252
../data/train_images/Mic15.jpg,Mic,1.4285,0.3073,0.3227,0.7036,2.9629,3.1863,6.2617,3.5453,-7.4695
../data/train_images/Mic16.jpg,Mic,3.6552,0.6296,0.3205,0.6977,3.2286,3.4843,6.8438,3.8552,-7.7686
../data/train_images/Mic17.jpg,Mic,2.8975,0.5162,0.3261,0.7105,3.7405,4.1385,8.0999,4.5766,-8.5866
../data/train_images/Mic18.jpg,Mic,2.4376,0.4312,0.3224,0.7026,4.4936,4.6140,9.1689,5.0511,10.3219
../data/train_images/Mic19.jpg,Mic,0.2481,0.7313,0.3495,0.7660,2.7815,3.0250,5.9292,3.4168,7.0893
../data/train_images/Mic2.jpg,Mic,0.2345,0.7365,0.3311,0.7232,2.6820,2.9059,5.7013,3.2812,6.7945
../data/train_images/Mic20.jpg,Mic,0.2484,0.7146,0.3380,0.7391,2.8238,3.0537,5.9936,3.4336,7.1342
../data/train_images/Mic21.jpg,Mic,0.2334,0.7492,0.3323,0.7259,2.9757,3.2095,6.3035,3.5835,7.4096
../data/train_images/Mic22.jpg,Mic,0.2596,0.6570,0.3142,0.6840,3.3405,3.5806,7.0424,3.9305,8.1772
../data/train_images/Mic23.jpg,Mic,0.3127,0.5739,0.3355,0.7325,3.7280,4.0751,7.9841,4.4708,8.7148
../data/train_images/Mic24.jpg,Mic,0.4479,0.4034,0.3131,0.6819,3.8538,4.2162,8.2544,4.5678,9.1635
../data/train_images/Mic25.jpg,Mic,0.2715,0.5773,0.2720,0.5905,2.8956,3.0940,6.0888,3.3896,8.0154
../data/train_images/Mic26.jpg,Mic,0.5299,0.3459,0.2962,0.6437,3.3241,3.5381,6.9693,3.8602,-8.7972
../data/train_images/Mic27.jpg,Mic,0.7689,0.2894,0.3061,0.6659,3.2766,3.4939,6.8797,3.8311,-8.1955
../data/train_images/Mic28.jpg,Mic,1.1282,0.2911,0.3348,0.7307,2.9485,3.1478,6.1968,3.5227,-7.4023
../data/train_images/Mic29.jpg,Mic,1.9606,0.3770,0.3449,0.7551,2.7578,2.9345,5.7813,3.3212,-7.0489
../data/train_images/Mic3.jpg,Mic,0.2145,0.7057,0.2641,0.5741,2.6431,2.8405,5.5823,3.1280,-7.5114
../data/train_images/Mic30.jpg,Mic,0.7162,0.3064,0.3301,0.7211,2.5423,2.7364,5.3761,3.1006,-6.7865
../data/train_images/Mic31.jpg,Mic,0.3494,0.4861,0.3170,0.6920,2.5134,2.6981,5.3039,3.0446,-7.1691
../data/train_images/Mic32.jpg,Mic,0.3403,0.4868,0.3241,0.7096,2.4921,2.6321,5.1943,2.9880,-6.9220
../data/train_images/Mic4.jpg,Mic,0.2181,0.7362,0.2865,0.6221,3.2117,3.4236,6.7415,3.7370,8.2372
../data/train_images/Mic5.jpg,Mic,1.5540,0.3166,0.3117,0.6778,3.2388,3.4437,6.7856,3.7878,-8.0828
../data/train_images/Mic6.jpg,Mic,1.3153,0.2913,0.3057,0.6644,3.0700,3.2588,6.4235,3.5940,-7.8473
../data/train_images/Mic7.jpg,Mic,0.9412,0.2733,0.2992,0.6503,3.0336,3.2180,6.3438,3.5436,-8.0768
../data/train_images/Mic8.jpg,Mic,0.7816,0.2973,0.3348,0.7323,2.8401,2.9954,5.9135,3.3673,-7.3104
../data/train_images/Mic9.jpg,Mic,0.2736,0.5822,0.2681,0.5827,3.1900,3.3974,6.6914,3.6904,8.2106
../data/train_images/Pen1.jpg,Pen,0.4493,0.2599,0.1707,0.3684,3.3545,3.3673,6.7282,3.5515,-8.6319
../data/train_images/Pen10.jpg,Pen,0.2720,0.3709,0.1317,0.2855,2.6712,2.7407,5.4466,2.8851,-8.0617
../data/train_images/Pen11.jpg,Pen,0.1915,0.5220,0.1381,0.2991,3.0564,3.1334,6.2284,3.2851,-8.8102
../data/train_images/Pen12.jpg,Pen,0.1532,0.6867,0.1620,0.3494,3.8203,3.9581,7.8475,4.1454,-9.4116
../data/train_images/Pen13.jpg,Pen,0.3257,0.3222,0.1383,0.2997,2.8012,2.8745,5.7123,3.0260,-8.6643
../data/train_images/Pen14.jpg,Pen,0.6355,0.2065,0.1401,0.3035,3.2860,3.3823,6.7164,3.5355,9.3366
../data/train_images/Pen15.jpg,Pen,1.1378,0.1842,0.1280,0.2780,3.1914,3.2793,6.5146,3.4189,8.7065
../data/train_images/Pen16.jpg,Pen,2.4985,0.2610,0.1178,0.2568,3.3247,3.4242,6.7988,3.5528,8.5310
../data/train_images/Pen17.jpg,Pen,6.8254,0.6885,0.1601,0.3459,4.6448,5.5734,-10.6858,-5.7555,11.5974
../data/train_images/Pen18.jpg,Pen,5.1306,0.5477,0.1808,0.3900,4.5685,4.4638,8.9805,4.6588,-10.2764
../data/train_images/Pen19.jpg,Pen,3.3965,0.3448,0.1285,0.2787,4.8683,5.3340,10.5093,5.8737,10.7046
../data/train_images/Pen2.jpg,Pen,6.8162,0.6743,0.1756,0.3812,1.9858,2.0830,4.1175,2.2816,-5.9310
../data/train_images/Pen20.jpg,Pen,0.7299,0.2162,0.1895,0.4077,2.5594,2.6274,5.2209,2.8314,9.4008
../data/train_images/Pen21.jpg,Pen,0.4692,0.2726,0.1962,0.4226,3.5680,3.6125,7.2029,3.8304,8.8595
../data/train_images/Pen22.jpg,Pen,0.3067,0.4226,0.2678,0.5795,2.1995,2.3077,4.5613,2.5978,-6.8755
../data/train_images/Pen3.jpg,Pen,2.9065,0.3093,0.1676,0.3641,2.0566,2.1568,4.2635,2.3463,-6.0404
../data/train_images/Pen4.jpg,Pen,1.8925,0.2334,0.1735,0.3763,2.1524,2.2623,4.4697,2.4600,-6.1117
../data/train_images/Pen5.jpg,Pen,1.3773,0.1948,0.1508,0.3286,2.1544,2.2628,4.4715,2.4370,-6.0775
../data/train_images/Pen6.jpg,Pen,1.0775,0.1859,0.1461,0.3180,2.1387,2.2349,4.4218,2.4028,-6.0848
../data/train_images/Pen7.jpg,Pen,0.8896,0.1856,0.1404,0.3056,2.1311,2.2126,4.3846,2.3724,-6.1773
../data/train_images/Pen8.jpg,Pen,0.7931,0.1833,0.1279,0.2801,2.0924,2.1704,4.3018,2.3146,-6.3216
../data/train_images/Pen9.jpg,Pen,0.4290,0.2556,0.1322,0.2875,2.2351,2.2963,4.5620,2.4420,-6.9536
../data/train_images/Phone1.jpg,Phone,1.6454,0.8518,0.6989,1.9198,3.4711,4.6903,8.7713,5.6506,-10.1949
../data/train_images/Phone10.jpg,Phone,0.9571,0.5066,0.6913,1.8614,3.7395,4.8607,9.1720,5.7983,-9.8092
../data/train_images/Phone11.jpg,Phone,1.3775,0.6372,0.7007,1.9247,3.6558,4.8827,9.1561,5.8484,-10.0104
../data/train_images/Phone12.jpg,Phone,1.6738,0.8663,0.6997,1.9184,3.6243,4.8395,9.0715,5.7989,-10.9103
../data/train_images/Phone13.jpg,Phone,1.1893,0.5531,0.6741,1.7659,3.6995,4.6918,8.9098,5.5971,9.3918
../data/train_images/Phone14.jpg,Phone,0.9692,0.4863,0.6638,1.7118,3.8061,4.7402,9.0649,5.6593,9.3507
../data/train_images/Phone15.jpg,Phone,0.7447,0.4916,0.6377,1.5962,3.5626,4.3689,8.3806,5.2366,8.6944
../data/train_images/Phone16.jpg,Phone,0.5164,0.7017,0.6193,1.5189,3.8817,4.8344,10.2059,-6.5241,9.1944
../data/train_images/Phone17.jpg,Phone,0.3675,0.9187,0.6063,1.4698,3.9167,4.9624,-9.5733,-5.8130,9.5334
../data/train_images/Phone18.jpg,Phone,0.6082,0.5855,0.6448,1.6244,3.6419,4.4563,8.5461,5.3267,-8.8888
../data/train_images/Phone19.jpg,Phone,0.8191,0.5068,0.6804,1.8011,3.5626,4.5808,8.6651,5.4912,-9.2781
../data/train_images/Phone2.jpg,Phone,1.2719,0.5833,0.6896,1.8539,3.6691,4.7855,9.0272,5.7244,9.6088
../data/train_images/Phone20.jpg,Phone,1.0691,0.5305,0.6966,1.9007,3.5283,4.7016,8.8242,5.6567,-9.5475
../data/train_images/Phone21.jpg,Phone,1.9074,0.8617,0.6730,1.7587,3.8634,4.8633,9.2629,5.7861,-9.6334
../data/train_images/Phone22.jpg,Phone,1.3334,0.3221,0.6682,1.8073,3.8544,4.6737,-9.1073,6.2644,9.0707
../data/train_images/Phone23.jpg,Phone,0.4988,0.8832,0.6645,1.7136,3.9313,4.8766,9.2847,5.7381,-10.1425
../data/train_images/Phone24.jpg,Phone,0.5315,0.8822,0.6838,1.8167,3.8956,5.0058,9.5303,5.9974,-9.7263
../data/train_images/Phone25.jpg,Phone,0.5205,0.9011,0.6771,1.7793,4.1428,5.1972,9.9003,6.1244,-10.2917
../data/train_images/Phone26.jpg,Phone,0.5427,0.8821,0.6779,1.7787,4.3222,5.3699,10.2301,6.2743,10.8158
../data/train_images/Phone27.jpg,Phone,0.6035,0.7572,0.6773,1.7741,4.2934,5.3681,10.4433,6.6045,-10.2841
../data/train_images/Phone28.jpg,Phone,2.3533,0.8076,0.6118,1.4931,3.4477,4.1330,7.9609,4.9513,8.3231
../data/train_images/Phone29.jpg,Phone,0.3844,0.8877,0.5986,1.4416,4.1473,4.9624,9.7437,6.1256,-9.6116
../data/train_images/Phone3.jpg,Phone,1.0842,0.5169,0.6777,1.7836,3.7564,4.7670,9.0573,5.6861,9.4833
../data/train_images/Phone4.jpg,Phone,0.8992,0.4834,0.6595,1.6913,3.7841,4.6989,9.0234,5.6515,9.1892
../data/train_images/Phone5.jpg,Phone,0.8279,0.4906,0.6523,1.6572,3.8945,4.8014,9.3001,5.8380,9.2998
../data/train_images/Phone6.jpg,Phone,0.4386,0.7806,0.6064,1.4710,3.8648,4.8363,-10.0820,-6.0530,9.1905
../data/train_images/Phone7.jpg,Phone,0.3878,0.9172,0.6179,1.5131,3.9968,4.9628,-10.7562,-6.2998,-9.4432
../data/train_images/Phone8.jpg,Phone,0.5940,0.5997,0.6328,1.5723,3.8241,4.6491,9.0255,5.6642,-9.0474
../data/train_images/Phone9.jpg,Phone,0.7585,0.5226,0.6731,1.7575,3.7655,4.7291,9.0009,5.6316,-9.4622
../data/train_images/Remote1.jpg,Remote,1.2980,0.7583,0.7247,2.2206,2.9389,4.5748,8.3858,5.7388,-8.6596
../data/train_images/Remote10.jpg,Remote,0.2979,0.8117,0.4951,1.1347,4.0368,4.3443,8.5357,4.9644,9.7339
../data/train_images/Remote11.jpg,Remote,0.4392,0.6926,0.5687,1.3474,4.0352,4.6211,8.9499,5.2950,10.2061
../data/train_images/Remote12.jpg,Remote,0.4491,0.5752,0.5008,1.1397,4.1015,4.4716,8.7591,5.0434,9.9221
../data/train_images/Remote13.jpg,Remote,0.5354,0.5704,0.6088,1.4844,3.1544,3.8546,7.3966,4.6755,7.7589
../data/train_images/Remote14.jpg,Remote,0.5594,0.5490,0.6095,1.4925,3.1147,3.8464,7.3701,4.6764,7.6989
../data/train_images/Remote15.jpg,Remote,0.6022,0.5190,0.6103,1.5033,3.0178,3.7473,7.1650,4.5680,7.5427
../data/train_images/Remote16.jpg,Remote,0.4799,0.6026,0.5461,1.2704,5.0043,5.6356,11.1746,6.6421,-11.0541
../data/train_images/Remote17.jpg,Remote,1.1913,0.7799,0.7554,2.5727,3.2997,4.9066,9.0150,6.2018,-9.8256
../data/train_images/Remote18.jpg,Remote,0.3643,0.9484,0.5796,1.3829,4.5668,5.2204,10.2792,6.4186,10.2509
../data/train_images/Remote19.jpg,Remote,0.3673,0.9315,0.5727,1.3620,4.5978,4.9945,9.8001,5.7213,10.4769
../data/train_images/Remote2.jpg,Remote,0.3501,0.9626,0.5577,1.3230,5.8807,6.3554,12.6087,7.1253,12.6405
../data/train_images/Remote3.jpg,Remote,2.5188,0.9423,0.5985,1.4584,4.5952,5.4889,10.7781,6.5473,10.6149
../data/train_images/Remote4.jpg,Remote,0.3741,0.8928,0.5578,1.3225,5.4015,5.6467,11.1847,6.4999,11.7751
../data/train_images/Remote5.jpg,Remote,2.5544,0.9441,0.5974,1.4526,4.1646,4.8681,9.6398,6.0474,9.4645
../data/train_images/Remote6.jpg,Remote,1.1750,0.4362,0.5994,1.4539,4.5482,5.2699,10.3902,6.3411,10.2820
../data/train_images/Remote7.jpg,Remote,1.1372,0.4253,0.5922,1.4286,5.2317,6.1318,-12.2605,-7.1156,-11.8433
../data/train_images/Remote8.jpg,Remote,1.0664,0.4192,0.5945,1.4369,5.2927,6.0467,11.8506,6.9652,11.8846
../data/train_images/Remote9.jpg,Remote,0.9854,0.4145,0.5844,1.4006,5.1232,5.8296,11.6977,7.2923,-11.3450
../data/train_images/Spoon1.jpg,Spoon,1.6179,0.1008,-0.1667,-0.1904,-0.6594,-0.6106,-1.2456,-0.7058,-1.8790
../data/train_images/Spoon10.jpg,Spoon,0.2286,0.2725,-0.2014,-0.3855,1.0254,0.9603,1.9532,0.7686,3.7519
../data/train_images/Spoon11.jpg,Spoon,0.2517,0.3559,-0.0355,-0.0226,0.6065,0.6701,1.3083,0.6588,3.4621
../data/train_images/Spoon12.jpg,Spoon,4.3598,0.2914,-0.1504,-0.2543,0.7422,0.8746,1.6830,0.7477,3.7538
../data/train_images/Spoon13.jpg,Spoon,3.3069,0.3502,0.1346,0.3569,0.4385,0.4947,0.9612,0.6734,3.0906
../data/train_images/Spoon14.jpg,Spoon,0.6472,0.1877,0.1383,0.3331,0.5088,0.5529,1.0838,0.7198,3.3450
../data/train_images/Spoon15.jpg,Spoon,0.2698,0.2916,-0.0520,-0.0778,0.4156,0.4555,0.8910,0.4181,2.9151
../data/train_images/Spoon16.jpg,Spoon,0.2549,0.3013,-0.0477,-0.0654,0.1556,0.1822,0.3511,0.1501,2.5932
../data/train_images/Spoon17.jpg,Spoon,1.0300,0.1458,-0.0228,-0.0084,0.1696,0.2071,0.3955,0.2042,2.4700
../data/train_images/Spoon18.jpg,Spoon,0.4609,0.1869,-0.0441,-0.0618,0.2231,0.2480,0.4835,0.2178,2.9443
../data/train_images/Spoon2.jpg,Spoon,3.0872,0.0999,-0.4957,-0.9732,-0.6179,-0.5786,-1.1768,-1.0651,-0.9927
../data/train_images/Spoon3.jpg,Spoon,1.6167,0.1065,-0.3882,-0.7365,0.1509,0.3105,0.5424,-0.0483,-1.6842
../data/train_images/Spoon4.jpg,Spoon,1.3334,0.0053,-1.7442,-2.9930,-3.4613,-4.9745,-9.1226,-6.4599,8.9123
../data/train_images/Spoon5.jpg,Spoon,1.8348,0.1259,-0.2641,-0.4699,0.1445,0.2556,0.4561,0.0249,-1.7747
../data/train_images/Spoon6.jpg,Spoon,0.2909,0.2175,-0.2423,-0.4513,-0.0995,-0.0265,-0.0895,-0.2507,-1.9398
../data/train_images/Spoon7.jpg,Spoon,0.2746,0.2372,-0.1902,-0.3377,-0.3149,-0.2712,-0.5642,-0.4393,-1.6980
../data/train_images/Spoon8.jpg,Spoon,0.5231,0.1297,-0.1722,-0.3315,1.4024,1.5612,3.0441,1.4369,4.1950
../data/train_images/Spoon9.jpg,Spoon,0.8241,0.0962,-0.1936,-0.3652,0.5602,0.6256,1.2185,0.4610,-3.0159
../data/train_images/Umbrella1.jpg,Umbrella,0.8155,0.5607,0.7128,2.2570,3.3403,4.4551,8.5760,-5.5865,8.4490
../data/train_images/Umbrella10.jpg,Umbrella,0.7499,0.3882,0.7033,2.3813,3.0772,4.0606,7.9151,-5.2831,7.6974
../data/train_images/Umbrella11.jpg,Umbrella,1.0778,0.5677,0.7266,2.2211,3.2499,5.4117,10.3280,6.5274,-9.7576
../data/train_images/Umbrella12.jpg,Umbrella,0.9885,0.6142,0.7400,2.4071,3.5940,5.5474,10.2308,-6.7743,10.3145
../data/train_images/Umbrella13.jpg,Umbrella,0.9742,0.6191,0.7411,2.4221,3.5793,5.5912,10.2113,-6.8076,10.5909
../data/train_images/Umbrella14.jpg,Umbrella,0.9600,0.6255,0.7433,2.4550,3.5582,5.6323,10.2294,-6.8631,-11.2623
../data/train_images/Umbrella15.jpg,Umbrella,0.9686,0.6295,0.7453,2.4840,3.5662,5.6137,10.3253,-6.9072,-10.3876
../data/train_images/Umbrella2.jpg,Umbrella,0.7975,0.5581,0.7103,2.2636,3.2934,4.3551,8.3320,-5.5017,8.3279
../data/train_images/Umbrella3.jpg,Umbrella,0.8150,0.5610,0.7129,2.2566,3.3444,4.4540,8.5853,-5.5852,8.4446
../data/train_images/Umbrella4.jpg,Umbrella,0.9176,0.4819,0.7011,2.4811,2.9268,3.9250,7.3584,-5.2099,8.0861
../data/train_images/Umbrella5.jpg,Umbrella,0.9956,0.6074,0.7289,2.3845,3.5668,4.7577,9.3395,-6.0221,8.9538
../data/train_images/Umbrella6.jpg,Umbrella,1.0089,0.5704,0.7244,2.4264,3.3722,4.5968,8.9194,-5.8743,8.6326
../data/train_images/Umbrella7.jpg,Umbrella,0.9135,0.5006,0.7216,3.5896,2.7887,3.7454,7.0260,-5.5747,7.6223
../data/train_images/Umbrella8.jpg,Umbrella,0.8915,0.5425,0.7183,2.2466,3.1824,4.8731,-9.0598,-6.4287,9.0433
../data/train_images/Umbrella9.jpg,Umbrella,0.7499,0.3970,0.7049,2.3833,3.1098,4.0903,8.0645,-5.3355,7.7330
../data/train_images/Wallet1.jpg,Wallet,0.7643,0.9509,0.7581,2.5765,5.3826,6.7084,12.8369,8.0752,-13.0031
../data/train_images/Wallet10.jpg,Wallet,0.7692,0.9320,0.7601,2.6034,6.8036,6.5753,13.4215,7.8834,-13.4091
../data/train_images/Wallet11.jpg,Wallet,0.5603,0.8624,0.7204,2.0659,3.6908,4.9592,-9.4009,-6.0804,9.4748
../data/train_images/Wallet12.jpg,Wallet,0.5611,0.8603,0.7193,2.0542,3.7106,4.9797,-9.4005,-6.0598,9.5906
../data/train_images/Wallet13.jpg,Wallet,0.8328,0.8092,0.7758,3.4677,3.5267,5.5785,-10.9547,7.8382,-10.1361
../data/train_images/Wallet14.jpg,Wallet,0.6702,0.8004,0.7389,2.2410,3.6539,5.3309,9.8347,6.4514,-10.4687
../data/train_images/Wallet15.jpg,Wallet,0.7308,0.8372,0.7562,2.4947,3.9283,5.9979,11.0949,7.2833,-11.1295
../data/train_images/Wallet16.jpg,Wallet,1.3167,0.9496,0.7596,2.5951,5.6692,6.6086,12.8063,8.1173,-13.0599
../data/train_images/Wallet17.jpg,Wallet,1.3118,0.9505,0.7600,2.5954,6.4361,6.5469,13.0497,7.8498,13.6852
../data/train_images/Wallet18.jpg,Wallet,0.5536,0.7812,0.6962,1.9516,3.2417,4.4029,-8.2733,-5.4194,-8.5762
../data/train_images/Wallet19.jpg,Wallet,0.7629,0.8455,0.7648,2.6075,4.0963,5.8658,10.9689,7.3268,-11.0303
../data/train_images/Wallet2.jpg,Wallet,0.7616,0.9460,0.7581,2.5768,5.3464,6.6897,12.8605,8.1307,-12.8560
../data/train_images/Wallet20.jpg,Wallet,0.7865,0.8151,0.7653,2.6341,4.4567,6.1241,11.4161,7.4763,-12.4756
../data/train_images/Wallet3.jpg,Wallet,1.2140,0.9499,0.7685,2.9184,5.7742,7.8161,-14.6209,-9.9038,-15.2905
../data/train_images/Wallet4.jpg,Wallet,0.9968,0.5333,0.7647,2.7119,6.1262,6.9011,13.4365,8.2658,-13.9256
../data/train_images/Wallet5.jpg,Wallet,0.9867,0.5367,0.7657,2.7465,5.6252,7.9745,15.0364,10.0925,-14.8515
../data/train_images/Wallet6.jpg,Wallet,1.2224,0.9570,0.7700,2.9287,6.0708,7.0905,-13.8957,-8.5657,-13.7665
../data/train_images/Wallet7.jpg,Wallet,1.0047,0.5419,0.7658,2.7078,6.0565,6.8366,13.5032,-8.4716,-13.3811
../data/train_images/Wallet8.jpg,Wallet,1.0018,0.5384,0.7676,2.7725,7.4551,6.7993,14.5882,8.4487,13.9371
../data/train_images/Wallet9.jpg,Wallet,0.9991,0.5379,0.7678,2.7793,6.7441,6.8738,-14.1445,8.3640,13.7104
../data/train_images/Watch1.jpg,Watch,0.2240,0.5375,0.2211,0.4849,2.4696,2.5371,5.0406,2.7826,-6.8446
../data/train_images/Watch10.jpg,Watch,0.6234,0.2615,0.2539,0.5510,3.3328,3.5842,7.0460,3.9065,7.9612
../data/train_images/Watch2.jpg,Watch,0.9003,0.2312,0.2541,0.5506,4.0565,4.4276,8.6812,4.7770,9.3131
../data/train_images/Watch3.jpg,Watch,0.2106,0.5378,0.2051,0.4469,2.4669,2.5481,5.0556,2.7730,6.9740
../data/train_images/Watch4.jpg,Watch,4.4983,0.5660,0.2403,0.5220,3.1561,3.4664,6.7863,3.8129,7.4806
../data/train_images/Watch5.jpg,Watch,1.1953,0.2253,0.2335,0.5064,3.3014,3.5694,7.0113,3.8851,7.7715
../data/train_images/Watch6.jpg,Watch,0.2623,0.6252,0.3357,0.7332,3.0908,3.2039,6.3513,3.5726,-8.2069
../data/train_images/Watch7.jpg,Watch,0.2201,0.5845,0.2479,0.5379,3.3481,3.5984,7.0747,3.9132,8.0039
../data/train_images/Watch8.jpg,Watch,0.2212,0.5812,0.2483,0.5389,3.3011,3.5427,6.9673,3.8553,7.9202
../data/train_images/Watch9.jpg,Watch,0.5162,0.2909,0.2540,0.5509,3.5089,3.7943,7.4511,4.1289,8.2554
